run_id,source,scenario,wall_time_utc,elapsed_s,interval_s,color_interval_frames,color_interval_fps,depth_interval_frames,depth_interval_fps,total_color_frames,total_depth_frames,avg_color_fps,avg_depth_fps,dropped_color_frames_est,dropped_depth_frames_est,non_monotonic_color_frame_numbers,missing_depth_frames,capture_timeouts
realsense_bench_20260310_120741,ros,rgb,2026-03-10T11:07:45.209716+00:00,1.006984,1.006984,57,56.604658,,,57,,56.604658,,3,,,,0
realsense_bench_20260310_120741,ros,rgb,2026-03-10T11:07:46.217686+00:00,2.014955,1.00797,57,56.549276,,,115,,57.073243,,5,,,,0
realsense_bench_20260310_120741,ros,rgb,2026-03-10T11:07:47.208868+00:00,3.006137,0.991182,53,53.471524,,,169,,56.218339,,10,,,,0
realsense_bench_20260310_120741,ros,rgb,2026-03-10T11:07:48.216804+00:00,4.014073,1.007936,53,52.582686,,,223,,55.554547,,16,,,,0
realsense_bench_20260310_120741,ros,rgb,2026-03-10T11:07:49.207561+00:00,5.00483,0.990757,57,57.531754,,,281,,56.145763,,17,,,,0
realsense_bench_20260310_120741,ros,rgb,2026-03-10T11:07:50.216162+00:00,6.013431,1.008601,51,50.565101,,,333,,55.376042,,24,,,,0
realsense_bench_20260310_120741,ros,rgb,2026-03-10T11:07:51.207181+00:00,7.00445,0.991019,57,57.516571,,,391,,55.82166,,26,,,,0
realsense_bench_20260310_120741,ros,rgb,2026-03-10T11:07:52.214702+00:00,8.011971,1.007522,57,56.574474,,,449,,56.041141,,28,,,,0
realsense_bench_20260310_120741,ros,rgb,2026-03-10T11:07:53.205677+00:00,9.002945,0.990974,53,53.482728,,,503,,55.870605,,33,,,,0
realsense_bench_20260310_120741,ros,rgb,2026-03-10T11:07:54.214524+00:00,10.011793,1.008848,56,55.508883,,,560,,55.934038,,36,,,,0
realsense_bench_20260310_120741,ros,rgb,2026-03-10T11:07:55.205047+00:00,11.002316,0.990523,48,48.459243,,,609,,55.351983,,46,,,,0
realsense_bench_20260310_120741,ros,rgb,2026-03-10T11:07:56.212825+00:00,12.010092,1.007776,56,55.567907,,,666,,55.453365,,49,,,,0
realsense_bench_20260310_120741,ros,rgb,2026-03-10T11:07:57.221297+00:00,13.018566,1.008474,52,51.563033,,,719,,55.228816,,55,,,,0
realsense_bench_20260310_120741,ros,rgb,2026-03-10T11:07:58.212502+00:00,14.00977,0.991204,51,51.452596,,,771,,55.033024,,63,,,,0
realsense_bench_20260310_120741,ros,rgb,2026-03-10T11:07:59.203237+00:00,15.000503,0.990733,48,48.448954,,,820,,54.664832,,72,,,,0
realsense_bench_20260310_120741,ros,rgb,2026-03-10T11:08:00.211240+00:00,16.008508,1.008005,57,56.547363,,,878,,54.845836,,75,,,,0
realsense_bench_20260310_120741,ros,rgb,2026-03-10T11:08:01.219378+00:00,17.016646,1.008139,57,56.539848,,,936,,55.004962,,77,,,,0
realsense_bench_20260310_120741,ros,rgb,2026-03-10T11:08:02.210434+00:00,18.007684,0.991038,56,56.506418,,,993,,55.143126,,78,,,,0
realsense_bench_20260310_120741,ros,rgb,2026-03-10T11:08:03.217900+00:00,19.015169,1.007485,56,55.583968,,,1050,,55.219072,,82,,,,0
realsense_bench_20260310_120741,ros,rgb,2026-03-10T11:08:04.208894+00:00,20.006163,0.990994,57,57.518004,,,1108,,55.382933,,83,,,,0
realsense_bench_20260310_120741,ros,rgb,2026-03-10T11:08:05.216900+00:00,21.014168,1.008005,59,58.531449,,,1168,,55.581548,,83,,,,0
realsense_bench_20260310_120741,ros,rgb,2026-03-10T11:08:06.224811+00:00,22.02208,1.007912,55,54.568273,,,1224,,55.580581,,86,,,,0
realsense_bench_20260310_120741,ros,rgb,2026-03-10T11:08:07.216179+00:00,23.013447,0.991367,53,53.461511,,,1278,,55.532749,,92,,,,0
realsense_bench_20260310_120741,ros,rgb,2026-03-10T11:08:08.207201+00:00,24.004469,0.991022,57,57.516394,,,1336,,55.656303,,93,,,,0
realsense_bench_20260310_120741,ros,rgb,2026-03-10T11:08:09.215372+00:00,25.01264,1.008171,57,56.53804,,,1394,,55.731822,,95,,,,0
realsense_bench_20260310_120741,ros,rgb,2026-03-10T11:08:10.206344+00:00,26.003613,0.990973,55,55.501021,,,1450,,55.761483,,98,,,,0
realsense_bench_20260310_120741,ros,rgb,2026-03-10T11:08:11.214334+00:00,27.011601,1.007988,53,52.579988,,,1504,,55.679781,,104,,,,0
realsense_bench_20260310_120741,ros,rgb,2026-03-10T11:08:12.205459+00:00,28.002728,0.991127,53,53.474476,,,1558,,55.637437,,109,,,,0
realsense_bench_20260310_120741,ros,rgb,2026-03-10T11:08:13.213287+00:00,29.010555,1.007827,58,57.54956,,,1617,,55.738334,,110,,,,0
realsense_bench_20260310_120741,ros,rgb,2026-03-10T11:08:14.204848+00:00,30.002116,0.991561,57,57.485109,,,1675,,55.829396,,111,,,,0
realsense_bench_20260310_120741,ros,rgb,2026-03-10T11:08:15.226297+00:00,31.023563,1.021448,1,0.979003,,,1677,,54.055686,,111,,,,0
realsense_bench_20260310_120741,ros,rgb,2026-03-10T11:08:16.230301+00:00,32.027568,1.004004,0,0.0,,,1677,,52.361141,,111,,,,1
realsense_bench_20260310_120741,ros,rgb,2026-03-10T11:08:17.233894+00:00,33.031161,1.003593,0,0.0,,,1677,,50.770241,,111,,,,1
realsense_bench_20260310_120741,ros,rgb,2026-03-10T11:08:18.237729+00:00,34.034996,1.003835,0,0.0,,,1677,,49.272813,,111,,,,2
realsense_bench_20260310_120741,ros,rgb,2026-03-10T11:08:19.241423+00:00,35.038687,1.003691,0,0.0,,,1677,,47.861383,,111,,,,2
realsense_bench_20260310_120741,ros,rgb,2026-03-10T11:08:20.245230+00:00,36.042497,1.003811,0,0.0,,,1677,,46.528408,,111,,,,3
realsense_bench_20260310_120741,ros,rgb,2026-03-10T11:08:21.249099+00:00,37.046366,1.003869,0,0.0,,,1677,,45.267598,,111,,,,3
realsense_bench_20260310_120741,ros,rgb,2026-03-10T11:08:22.252755+00:00,38.050022,1.003656,0,0.0,,,1677,,44.073562,,111,,,,4
realsense_bench_20260310_120741,ros,rgb,2026-03-10T11:08:23.209896+00:00,39.007158,0.957136,0,0.0,,,1677,,42.992109,,111,,,,4
realsense_bench_20260310_120741,ros,rgb,2026-03-10T11:08:24.213559+00:00,40.010827,1.003669,0,0.0,,,1677,,41.913655,,111,,,,4
realsense_bench_20260310_120741,ros,rgb,2026-03-10T11:08:25.217496+00:00,41.014764,1.003937,0,0.0,,,1677,,40.887716,,111,,,,5
realsense_bench_20260310_120741,ros,rgb,2026-03-10T11:08:26.221310+00:00,42.018578,1.003814,0,0.0,,,1677,,39.910918,,111,,,,5
realsense_bench_20260310_120741,ros,rgb,2026-03-10T11:08:27.225003+00:00,43.022271,1.003693,0,0.0,,,1677,,38.979811,,111,,,,6
realsense_bench_20260310_120741,ros,rgb,2026-03-10T11:08:28.228853+00:00,44.026119,1.003848,0,0.0,,,1677,,38.091025,,111,,,,6
realsense_bench_20260310_120741,ros,rgb,2026-03-10T11:08:29.232560+00:00,45.029825,1.003707,0,0.0,,,1677,,37.241983,,111,,,,7
realsense_bench_20260310_120741,ros,rgb,2026-03-10T11:08:30.236418+00:00,46.033684,1.003859,0,0.0,,,1677,,36.429846,,111,,,,7
realsense_bench_20260310_120741,ros,rgb,2026-03-10T11:08:31.240010+00:00,47.037277,1.003593,0,0.0,,,1677,,35.652574,,111,,,,8
realsense_bench_20260310_120741,ros,rgb,2026-03-10T11:08:32.244072+00:00,48.04134,1.004063,0,0.0,,,1677,,34.907436,,111,,,,8
realsense_bench_20260310_120741,ros,rgb,2026-03-10T11:08:33.247752+00:00,49.045019,1.00368,0,0.0,,,1677,,34.193075,,111,,,,9
realsense_bench_20260310_120741,ros,rgb,2026-03-10T11:08:34.216802+00:00,50.014069,0.96905,1,1.031939,,,1678,,33.550559,,111,,,,9
realsense_bench_20260310_120741,ros,rgb,2026-03-10T11:08:35.220843+00:00,51.01811,1.004041,0,0.0,,,1678,,32.890282,,111,,,,9
realsense_bench_20260310_120741,ros,rgb,2026-03-10T11:08:36.224765+00:00,52.022032,1.003922,0,0.0,,,1678,,32.255564,,111,,,,10
realsense_bench_20260310_120741,ros,rgb,2026-03-10T11:08:37.228672+00:00,53.025938,1.003906,0,0.0,,,1678,,31.64489,,111,,,,10
realsense_bench_20260310_120741,ros,rgb,2026-03-10T11:08:38.232562+00:00,54.029828,1.00389,0,0.0,,,1678,,31.056919,,111,,,,11
realsense_bench_20260310_120741,ros,rgb,2026-03-10T11:08:39.236173+00:00,55.033439,1.00361,0,0.0,,,1678,,30.490553,,111,,,,11
realsense_bench_20260310_120741,ros,rgb,2026-03-10T11:08:40.239937+00:00,56.037205,1.003766,0,0.0,,,1678,,29.944391,,111,,,,12
realsense_bench_20260310_120741,ros,rgb,2026-03-10T11:08:41.243858+00:00,57.041126,1.003921,0,0.0,,,1678,,29.417372,,111,,,,12
realsense_bench_20260310_120741,ros,rgb,2026-03-10T11:08:42.247638+00:00,58.044903,1.003778,0,0.0,,,1678,,28.908653,,111,,,,13
realsense_bench_20260310_120741,ros,rgb,2026-03-10T11:08:43.251398+00:00,59.048665,1.003762,0,0.0,,,1678,,28.417238,,111,,,,13
realsense_bench_20260310_120741,ros,rgb,2026-03-10T11:08:44.204938+00:00,60.002206,0.95354,0,0.0,,,1678,,27.965639,,111,,,,14
realsense_bench_20260310_120741,ros,rgb,2026-03-10T11:08:45.208843+00:00,61.00611,1.003904,0,0.0,,,1678,,27.505442,,111,,,,14
realsense_bench_20260310_120741,ros,rgb,2026-03-10T11:08:46.212899+00:00,62.010165,1.004056,0,0.0,,,1678,,27.060079,,111,,,,15
realsense_bench_20260310_120741,ros,rgb,2026-03-10T11:08:47.216674+00:00,63.013942,1.003776,0,0.0,,,1678,,26.629028,,111,,,,15
realsense_bench_20260310_120741,ros,rgb,2026-03-10T11:08:48.220391+00:00,64.017657,1.003715,0,0.0,,,1678,,26.211519,,111,,,,16
realsense_bench_20260310_120741,ros,rgb,2026-03-10T11:08:49.224043+00:00,65.02131,1.003653,0,0.0,,,1678,,25.806924,,111,,,,16
realsense_bench_20260310_120741,ros,rgb,2026-03-10T11:08:50.228158+00:00,66.025425,1.004116,0,0.0,,,1678,,25.414452,,111,,,,17
realsense_bench_20260310_120741,ros,rgb,2026-03-10T11:08:51.232045+00:00,67.029313,1.003887,0,0.0,,,1678,,25.033824,,111,,,,17
realsense_bench_20260310_120741,ros,rgb,2026-03-10T11:08:52.247524+00:00,68.044789,1.015476,1,0.98476,,,1679,,24.674924,,111,,,,18
realsense_bench_20260310_120741,ros,rgb,2026-03-10T11:08:53.251653+00:00,69.048917,1.004129,0,0.0,,,1679,,24.316094,,111,,,,18
realsense_bench_20260310_120741,ros,rgb,2026-03-10T11:08:54.205368+00:00,70.002634,0.953716,0,0.0,,,1679,,23.984812,,111,,,,19
realsense_bench_20260310_120741,ros,rgb,2026-03-10T11:08:55.209204+00:00,71.006471,1.003837,0,0.0,,,1679,,23.645732,,111,,,,19
realsense_bench_20260310_120741,ros,rgb,2026-03-10T11:08:56.212864+00:00,72.010132,1.003661,0,0.0,,,1679,,23.316163,,111,,,,20
realsense_bench_20260310_120741,ros,rgb,2026-03-10T11:08:57.216613+00:00,73.013879,1.003747,0,0.0,,,1679,,22.995628,,111,,,,20
realsense_bench_20260310_120741,ros,rgb,2026-03-10T11:08:58.220275+00:00,74.017543,1.003663,0,0.0,,,1679,,22.683812,,111,,,,21
realsense_bench_20260310_120741,ros,rgb,2026-03-10T11:08:59.223868+00:00,75.021135,1.003592,0,0.0,,,1679,,22.38036,,111,,,,21
realsense_bench_20260310_120741,ros,rgb,2026-03-10T11:09:00.227792+00:00,76.025059,1.003924,0,0.0,,,1679,,22.084823,,111,,,,22
realsense_bench_20260310_120741,ros,rgb,2026-03-10T11:09:01.231524+00:00,77.028792,1.003733,0,0.0,,,1679,,21.797045,,111,,,,22
realsense_bench_20260310_120741,ros,rgb,2026-03-10T11:09:02.235179+00:00,78.032447,1.003655,0,0.0,,,1679,,21.51669,,111,,,,23
realsense_bench_20260310_120741,ros,rgb,2026-03-10T11:09:03.238892+00:00,79.036158,1.003712,0,0.0,,,1679,,21.243441,,111,,,,23
realsense_bench_20260310_120741,ros,rgb,2026-03-10T11:09:04.242687+00:00,80.039954,1.003795,0,0.0,,,1679,,20.977024,,111,,,,24
realsense_bench_20260310_120741,ros,rgb,2026-03-10T11:09:05.246555+00:00,81.043823,1.003869,0,0.0,,,1679,,20.717187,,111,,,,24
realsense_bench_20260310_120741,ros,rgb,2026-03-10T11:09:06.250488+00:00,82.047755,1.003932,0,0.0,,,1679,,20.463692,,111,,,,25
realsense_bench_20260310_120741,ros,rgb,2026-03-10T11:09:07.204088+00:00,83.00135,0.953594,0,0.0,,,1679,,20.228587,,111,,,,25
realsense_bench_20260310_120741,ros,rgb,2026-03-10T11:09:08.207999+00:00,84.005265,1.003915,0,0.0,,,1679,,19.986843,,111,,,,26
realsense_bench_20260310_120741,ros,rgb,2026-03-10T11:09:09.211703+00:00,85.00897,1.003706,0,0.0,,,1679,,19.750857,,111,,,,26
realsense_bench_20260310_120741,ros,rgb,2026-03-10T11:09:10.215434+00:00,86.012702,1.003731,0,0.0,,,1679,,19.520373,,111,,,,27
realsense_bench_20260310_120741,ros,rgb,2026-03-10T11:09:11.203367+00:00,87.000631,0.987929,41,41.500967,,,1720,,19.769972,,3485,,,,27
realsense_bench_20260310_120741,ros,rgb,2026-03-10T11:09:12.210919+00:00,88.00817,1.007539,57,56.573468,,,1778,,20.20267,,3487,,,,27
realsense_bench_20260310_120741,ros,rgb,2026-03-10T11:09:13.219396+00:00,89.016665,1.008495,58,57.511461,,,1837,,20.636585,,3488,,,,27
realsense_bench_20260310_120741,ros,rgb,2026-03-10T11:09:14.224206+00:00,90.021473,1.004808,9,8.956937,,,1847,,20.517327,,3488,,,,27
realsense_bench_20260310_120741,ros,rgb,2026-03-10T11:09:15.228492+00:00,91.025759,1.004286,0,0.0,,,1847,,20.29096,,3488,,,,27
realsense_bench_20260310_120741,ros,rgb,2026-03-10T11:09:16.232104+00:00,92.029372,1.003614,0,0.0,,,1847,,20.069679,,3488,,,,28
realsense_bench_20260310_120741,ros,rgb,2026-03-10T11:09:17.236036+00:00,93.033303,1.003931,0,0.0,,,1847,,19.853106,,3488,,,,28
realsense_bench_20260310_120741,ros,rgb,2026-03-10T11:09:18.239723+00:00,94.03699,1.003687,0,0.0,,,1847,,19.641207,,3488,,,,29
realsense_bench_20260310_120741,ros,rgb,2026-03-10T11:09:19.243692+00:00,95.04096,1.003969,0,0.0,,,1847,,19.433726,,3488,,,,29
realsense_bench_20260310_120741,ros,rgb,2026-03-10T11:09:20.247401+00:00,96.044667,1.003708,0,0.0,,,1847,,19.230636,,3488,,,,30
realsense_bench_20260310_120741,ros,rgb,2026-03-10T11:09:21.251069+00:00,97.048335,1.003668,0,0.0,,,1847,,19.031754,,3488,,,,30
realsense_bench_20260310_120741,ros,rgb,2026-03-10T11:09:22.204833+00:00,98.0021,0.953765,0,0.0,,,1847,,18.846535,,3488,,,,31
realsense_bench_20260310_120741,ros,rgb,2026-03-10T11:09:23.208684+00:00,99.005951,1.003851,0,0.0,,,1847,,18.655444,,3488,,,,31
realsense_bench_20260310_120741,ros,rgb,2026-03-10T11:09:24.212509+00:00,100.009776,1.003825,0,0.0,,,1847,,18.468195,,3488,,,,32
realsense_bench_20260310_120741,ros,rgb,2026-03-10T11:09:25.216210+00:00,101.013477,1.003701,0,0.0,,,1847,,18.284689,,3488,,,,32
realsense_bench_20260310_120741,ros,rgb,2026-03-10T11:09:26.219963+00:00,102.017229,1.003752,0,0.0,,,1847,,18.104785,,3488,,,,33
realsense_bench_20260310_120741,ros,rgb,2026-03-10T11:09:27.223866+00:00,103.021129,1.003899,0,0.0,,,1847,,17.928361,,3488,,,,33
realsense_bench_20260310_120741,ros,rgb,2026-03-10T11:09:28.227609+00:00,104.024876,1.003747,0,0.0,,,1847,,17.755368,,3488,,,,34
realsense_bench_20260310_120741,ros,rgb,2026-03-10T11:09:29.231465+00:00,105.028733,1.003857,0,0.0,,,1847,,17.585664,,3488,,,,34
realsense_bench_20260310_120741,ros,rgb,2026-03-10T11:09:30.235125+00:00,106.032392,1.00366,0,0.0,,,1847,,17.419205,,3488,,,,35
realsense_bench_20260310_120741,ros,rgb,2026-03-10T11:09:31.238935+00:00,107.036202,1.00381,0,0.0,,,1847,,17.255844,,3488,,,,35
realsense_bench_20260310_120741,ros,rgb,2026-03-10T11:09:32.218071+00:00,108.01534,0.979138,13,13.276984,,,1860,,17.219776,,4605,,,,36
realsense_bench_20260310_120741,ros,rgb,2026-03-10T11:09:33.209421+00:00,109.00669,0.991349,56,56.48866,,,1917,,17.586077,,4607,,,,36
realsense_bench_20260310_120741,ros,rgb,2026-03-10T11:09:34.217476+00:00,110.014745,1.008055,57,56.544522,,,1975,,17.952139,,4609,,,,36
realsense_bench_20260310_120741,ros,rgb,2026-03-10T11:09:35.225547+00:00,111.022812,1.008068,38,37.695888,,,2014,,18.140416,,4610,,,,36
realsense_bench_20260310_120741,ros,rgb,2026-03-10T11:09:36.229366+00:00,112.026633,1.003821,0,0.0,,,2014,,17.977868,,4610,,,,36
realsense_bench_20260310_120741,ros,rgb,2026-03-10T11:09:37.232936+00:00,113.030203,1.00357,0,0.0,,,2014,,17.818246,,4610,,,,37
realsense_bench_20260310_120741,ros,rgb,2026-03-10T11:09:38.236869+00:00,114.034136,1.003933,0,0.0,,,2014,,17.661378,,4610,,,,37
realsense_bench_20260310_120741,ros,rgb,2026-03-10T11:09:39.240694+00:00,115.037962,1.003826,0,0.0,,,2014,,17.507264,,4610,,,,38
realsense_bench_20260310_120741,ros,rgb,2026-03-10T11:09:40.244713+00:00,116.04198,1.004018,0,0.0,,,2014,,17.355788,,4610,,,,38
realsense_bench_20260310_120741,ros,rgb,2026-03-10T11:09:41.248475+00:00,117.045742,1.003762,0,0.0,,,2014,,17.206948,,4610,,,,39
realsense_bench_20260310_120741,ros,rgb,2026-03-10T11:09:42.252235+00:00,118.049503,1.003761,0,0.0,,,2014,,17.060639,,4610,,,,39
realsense_bench_20260310_120741,ros,rgb,2026-03-10T11:09:43.205837+00:00,119.003103,0.9536,0,0.0,,,2014,,16.923928,,4610,,,,40
realsense_bench_20260310_120741,ros,rgb,2026-03-10T11:09:44.209689+00:00,120.006956,1.003853,0,0.0,,,2014,,16.78236,,4610,,,,40
realsense_bench_20260310_120741,ros,rgbd,2026-03-10T11:09:47.236179+00:00,1.006512,1.006512,58,57.624726,53,52.657077,58,53,57.624726,52.657077,2,7,,5,0
realsense_bench_20260310_120741,ros,rgbd,2026-03-10T11:09:48.243947+00:00,2.014296,1.007783,57,56.55978,52,51.598396,115,105,57.091917,52.127403,5,15,,10,0
realsense_bench_20260310_120741,ros,rgbd,2026-03-10T11:09:49.235560+00:00,3.005911,0.991615,57,57.481962,47,47.397407,172,153,57.220588,50.89971,7,25,,19,0
realsense_bench_20260310_120741,ros,rgbd,2026-03-10T11:09:50.243650+00:00,4.013999,1.008088,54,53.566757,54,53.566757,227,207,56.552082,51.56952,12,32,,20,0
realsense_bench_20260310_120741,ros,rgbd,2026-03-10T11:09:51.234170+00:00,5.004515,0.990516,59,59.564937,56,56.536212,286,264,57.1484,52.752369,12,34,,22,0
realsense_bench_20260310_120741,ros,rgbd,2026-03-10T11:09:52.242352+00:00,6.012701,1.008186,58,57.529059,55,54.553418,344,320,57.212227,53.220677,14,38,,24,0
realsense_bench_20260310_120741,ros,rgbd,2026-03-10T11:09:53.233466+00:00,7.003816,0.991115,58,58.519922,56,56.501994,402,377,57.39728,53.827798,15,40,,25,0
realsense_bench_20260310_120741,ros,rgbd,2026-03-10T11:09:54.241167+00:00,8.011517,1.007701,57,56.564403,55,54.579688,459,433,57.29252,54.047192,18,44,,26,0
realsense_bench_20260310_120741,ros,rgbd,2026-03-10T11:09:55.232503+00:00,9.00285,0.991333,57,57.498361,55,55.480875,516,489,57.315186,54.316135,20,47,,27,0
realsense_bench_20260310_120741,ros,rgbd,2026-03-10T11:09:56.240330+00:00,10.010679,1.00783,56,55.564944,56,55.564944,572,546,57.138979,54.541753,24,50,,26,0
realsense_bench_20260310_120741,ros,rgbd,2026-03-10T11:09:57.231719+00:00,11.002063,0.991384,56,56.486691,53,53.460618,628,600,57.080202,54.535225,27,55,,28,0
realsense_bench_20260310_120741,ros,rgbd,2026-03-10T11:09:58.239283+00:00,12.009634,1.00757,59,58.556703,59,58.556703,687,660,57.204076,54.955881,28,55,,27,0
realsense_bench_20260310_120741,ros,rgbd,2026-03-10T11:09:59.230345+00:00,13.000693,0.99106,55,55.496149,53,53.478107,742,714,57.073878,54.920147,32,60,,28,0
realsense_bench_20260310_120741,ros,rgbd,2026-03-10T11:10:00.238663+00:00,14.009003,1.008309,57,56.530288,58,57.522047,799,773,57.034753,55.178804,35,61,,26,0
realsense_bench_20260310_120741,ros,rgbd,2026-03-10T11:10:01.229688+00:00,15.000039,0.991037,58,58.524581,52,52.470314,857,826,57.133184,55.066523,36,67,,31,0
realsense_bench_20260310_120741,ros,rgbd,2026-03-10T11:10:02.237597+00:00,16.007928,1.007889,59,58.538204,59,58.538204,916,886,57.221647,55.347576,37,67,,30,0
realsense_bench_20260310_120741,ros,rgbd,2026-03-10T11:10:03.229918+00:00,17.000271,0.992343,57,57.439809,59,59.455241,973,945,57.234382,55.587349,39,68,,28,0
realsense_bench_20260310_120741,ros,rgbd,2026-03-10T11:10:04.236984+00:00,18.007334,1.007063,57,56.600229,55,54.614256,1031,1000,57.254449,55.532929,41,72,,31,0
realsense_bench_20260310_120741,ros,rgbd,2026-03-10T11:10:05.244318+00:00,19.014668,1.007334,59,58.570445,58,57.577726,1090,1059,57.324167,55.693846,42,73,,31,0
realsense_bench_20260310_120741,ros,rgbd,2026-03-10T11:10:06.235506+00:00,20.005855,0.991187,57,57.506799,57,57.506799,1147,1117,57.333215,55.833654,44,74,,30,0
realsense_bench_20260310_120741,ros,rgbd,2026-03-10T11:10:07.243594+00:00,21.013944,1.008088,58,57.53464,57,56.542663,1205,1175,57.342878,55.915254,46,76,,30,0
realsense_bench_20260310_120741,ros,rgbd,2026-03-10T11:10:08.235311+00:00,22.005654,0.991711,59,59.493164,54,54.45137,1264,1230,57.439783,55.894726,46,80,,34,0
realsense_bench_20260310_120741,ros,rgbd,2026-03-10T11:10:09.242409+00:00,23.012754,1.0071,55,54.612237,57,56.598136,1319,1288,57.316042,55.968963,51,82,,31,0
realsense_bench_20260310_120741,ros,rgbd,2026-03-10T11:10:10.233621+00:00,24.00397,0.991216,59,59.522856,56,56.49627,1378,1345,57.40717,56.032397,51,84,,33,0
realsense_bench_20260310_120741,ros,rgbd,2026-03-10T11:10:11.241733+00:00,25.012077,1.008107,58,57.533591,56,55.549674,1436,1402,57.412265,56.052922,53,87,,34,0
realsense_bench_20260310_120741,ros,rgbd,2026-03-10T11:10:12.232770+00:00,26.003112,0.991035,56,56.506574,57,57.51562,1492,1460,57.377747,56.147125,56,88,,32,0
realsense_bench_20260310_120741,ros,rgbd,2026-03-10T11:10:13.240660+00:00,27.011009,1.007897,58,57.545591,55,54.569095,1550,1516,57.38401,56.125264,58,92,,34,0
realsense_bench_20260310_120741,ros,rgbd,2026-03-10T11:10:14.232244+00:00,28.002592,0.991583,56,56.475329,56,56.475329,1606,1573,57.351833,56.173371,61,94,,33,0
realsense_bench_20260310_120741,ros,rgbd,2026-03-10T11:10:15.239994+00:00,29.010344,1.007752,58,57.55387,55,54.576945,1664,1629,57.358852,56.152385,63,98,,35,0
realsense_bench_20260310_120741,ros,rgbd,2026-03-10T11:10:16.231233+00:00,30.001582,0.991238,57,57.503829,53,53.468472,1721,1683,57.363642,56.097042,65,102,,38,0
realsense_bench_20260310_120741,ros,rgbd,2026-03-10T11:10:17.238662+00:00,31.009007,1.007425,55,54.59465,56,55.58728,1776,1740,57.273682,56.112729,70,106,,36,0
realsense_bench_20260310_120741,ros,rgbd,2026-03-10T11:10:18.229820+00:00,32.000171,0.991164,57,57.50815,57,57.50815,1833,1798,57.280945,56.1872,72,107,,35,0
realsense_bench_20260310_120741,ros,rgbd,2026-03-10T11:10:19.238267+00:00,33.008612,1.008442,58,57.514477,58,57.514477,1891,1857,57.288079,56.258045,74,108,,34,0
realsense_bench_20260310_120741,ros,rgbd,2026-03-10T11:10:20.230509+00:00,34.000848,0.992236,58,58.453827,58,58.453827,1949,1916,57.322099,56.351535,75,109,,33,0
realsense_bench_20260310_120741,ros,rgbd,2026-03-10T11:10:21.236877+00:00,35.007227,1.006379,59,58.626046,52,51.670413,2009,1968,57.38815,56.216963,75,116,,41,0
realsense_bench_20260310_120741,ros,rgbd,2026-03-10T11:10:22.245300+00:00,36.01565,1.008423,58,57.515567,58,57.515567,2067,2027,57.391718,56.281089,77,117,,40,0
realsense_bench_20260310_120741,ros,rgbd,2026-03-10T11:10:23.236939+00:00,37.007287,0.991637,58,58.48913,56,56.472264,2125,2084,57.421124,56.313234,78,119,,41,0
realsense_bench_20260310_120741,ros,rgbd,2026-03-10T11:10:24.243743+00:00,38.014092,1.006805,60,59.594475,56,55.62151,2185,2141,57.478685,56.321219,78,122,,44,0
realsense_bench_20260310_120741,ros,rgbd,2026-03-10T11:10:25.235591+00:00,39.005934,0.991842,57,57.468802,54,54.444128,2242,2196,57.478434,56.299126,79,126,,46,0
realsense_bench_20260310_120741,ros,rgbd,2026-03-10T11:10:26.243327+00:00,40.013675,1.007741,56,55.569831,59,58.546786,2299,2255,57.455357,56.355733,83,127,,44,0
realsense_bench_20260310_120741,ros,rgbd,2026-03-10T11:10:27.235072+00:00,41.005421,0.991746,58,58.482741,57,57.474417,2357,2313,57.480205,56.407176,84,128,,44,0
realsense_bench_20260310_120741,ros,rgbd,2026-03-10T11:10:28.242051+00:00,42.012399,1.006978,58,57.598087,59,58.591158,2416,2372,57.506833,56.459523,85,129,,44,0
realsense_bench_20260310_120741,ros,rgbd,2026-03-10T11:10:29.233063+00:00,43.003413,0.991014,59,59.534988,54,54.48965,2475,2427,57.553572,56.437381,85,133,,48,0
realsense_bench_20260310_120741,ros,rgbd,2026-03-10T11:10:30.240934+00:00,44.011278,1.007865,57,56.555178,56,55.562982,2532,2484,57.530708,56.440079,88,136,,48,0
realsense_bench_20260310_120741,ros,rgbd,2026-03-10T11:10:31.232125+00:00,45.002466,0.991188,56,56.497837,56,56.497837,2588,2541,57.507959,56.463572,91,138,,47,0
realsense_bench_20260310_120741,ros,rgbd,2026-03-10T11:10:32.240133+00:00,46.010476,1.00801,58,57.539106,58,57.539106,2646,2600,57.508642,56.508869,93,139,,46,0
realsense_bench_20260310_120741,ros,rgbd,2026-03-10T11:10:33.231502+00:00,47.001852,0.991375,57,57.495876,56,56.487177,2703,2657,57.508372,56.529688,95,141,,46,0
realsense_bench_20260310_120741,ros,rgbd,2026-03-10T11:10:34.239071+00:00,48.00942,1.007568,60,59.54932,56,55.579365,2763,2714,57.551206,56.530572,95,144,,49,0
realsense_bench_20260310_120741,ros,rgbd,2026-03-10T11:10:35.230221+00:00,49.000564,0.991144,57,57.509326,58,58.518261,2820,2773,57.550358,56.591186,97,144,,47,0
realsense_bench_20260310_120741,ros,rgbd,2026-03-10T11:10:36.238299+00:00,50.008648,1.008085,57,56.542874,57,56.542874,2877,2831,57.530049,56.610208,100,146,,46,0
realsense_bench_20260310_120741,ros,rgbd,2026-03-10T11:10:37.230044+00:00,51.000397,0.991749,57,57.474239,55,55.457599,2934,2887,57.528964,56.607403,101,150,,47,0
realsense_bench_20260310_120741,ros,rgbd,2026-03-10T11:10:38.237391+00:00,52.007737,1.007341,58,57.577349,54,53.606497,2993,2941,57.549129,56.549278,103,155,,52,0
realsense_bench_20260310_120741,ros,rgbd,2026-03-10T11:10:39.245329+00:00,53.015677,1.00794,57,56.551012,57,56.551012,3050,2999,57.530153,56.568173,106,157,,51,0
realsense_bench_20260310_120741,ros,rgbd,2026-03-10T11:10:40.236553+00:00,54.006903,0.991226,58,58.51338,55,55.486826,3108,3055,57.548199,56.566843,107,160,,53,0
realsense_bench_20260310_120741,ros,rgbd,2026-03-10T11:10:41.244273+00:00,55.014603,1.0077,60,59.541541,58,57.556823,3168,3114,57.584711,56.603153,107,161,,54,0
realsense_bench_20260310_120741,ros,rgbd,2026-03-10T11:10:42.235911+00:00,56.006261,0.991658,58,58.48791,54,54.454261,3226,3169,57.600703,56.58296,108,165,,57,0
realsense_bench_20260310_120741,ros,rgbd,2026-03-10T11:10:43.243776+00:00,57.014125,1.007864,58,57.547457,57,56.555259,3284,3227,57.599762,56.600009,110,167,,57,0
realsense_bench_20260310_120741,ros,rgbd,2026-03-10T11:10:44.234669+00:00,58.005016,0.990891,58,58.533187,54,54.496416,3342,3282,57.615707,56.581314,111,171,,60,0
realsense_bench_20260310_120741,ros,rgbd,2026-03-10T11:10:45.242812+00:00,59.013162,1.008146,59,58.523274,56,55.547514,3401,3339,57.631212,56.580598,112,173,,62,0
realsense_bench_20260310_120741,ros,rgbd,2026-03-10T11:10:46.233477+00:00,60.003826,0.990664,56,56.527741,55,55.518317,3458,3394,57.629659,56.56306,114,178,,64,0
realsense_bench_20260310_120741,ros,rgbd,2026-03-10T11:10:47.241883+00:00,61.012232,1.008407,58,57.516478,57,56.524815,3516,3452,57.627788,56.578818,116,180,,64,0
realsense_bench_20260310_120741,ros,rgbd,2026-03-10T11:10:48.232872+00:00,62.003222,0.990989,57,57.518278,57,57.518278,3573,3510,57.626038,56.609962,118,181,,63,0
realsense_bench_20260310_120741,ros,rgbd,2026-03-10T11:10:49.240366+00:00,63.010712,1.00749,60,59.553926,58,57.568796,3633,3569,57.656863,56.641163,118,182,,64,0
realsense_bench_20260310_120741,ros,rgbd,2026-03-10T11:10:50.231843+00:00,64.002192,0.99148,58,58.498382,58,58.498382,3691,3628,57.669899,56.685558,119,182,,63,0
realsense_bench_20260310_120741,ros,rgbd,2026-03-10T11:10:51.240312+00:00,65.01066,1.008467,58,57.513013,57,56.521409,3749,3686,57.667466,56.698394,121,184,,63,0
realsense_bench_20260310_120741,ros,rgbd,2026-03-10T11:10:52.231172+00:00,66.00152,0.99086,58,58.535004,58,58.535004,3807,3745,57.68049,56.741118,122,184,,62,0
realsense_bench_20260310_120741,ros,rgbd,2026-03-10T11:10:53.238513+00:00,67.008857,1.007337,58,57.577545,56,55.592113,3865,3802,57.678942,56.738768,124,187,,63,0
realsense_bench_20260310_120741,ros,rgbd,2026-03-10T11:10:54.229904+00:00,68.000254,0.991397,58,58.503305,53,53.459916,3923,3856,57.690961,56.705671,125,192,,67,0
realsense_bench_20260310_120741,ros,rgbd,2026-03-10T11:10:55.238632+00:00,69.008975,1.008721,59,58.489894,57,56.507186,3982,3914,57.702639,56.71726,126,194,,68,0
realsense_bench_20260310_120741,ros,rgbd,2026-03-10T11:10:56.230285+00:00,70.000633,0.991658,57,57.479501,58,58.487914,4039,3973,57.699478,56.75663,128,195,,66,0
realsense_bench_20260310_120741,ros,rgbd,2026-03-10T11:10:57.236703+00:00,71.007047,1.006414,59,58.623974,57,56.636721,4099,4030,57.726665,56.75493,128,197,,69,0
realsense_bench_20260310_120741,ros,rgbd,2026-03-10T11:10:58.245049+00:00,72.015398,1.008351,59,58.511382,57,56.527945,4158,4088,57.737652,56.765638,129,199,,70,0
realsense_bench_20260310_120741,ros,rgbd,2026-03-10T11:10:59.236201+00:00,73.006541,0.991143,55,55.491503,56,56.500439,4213,4145,57.707158,56.775735,133,201,,68,0
realsense_bench_20260310_120741,ros,rgbd,2026-03-10T11:11:00.243900+00:00,74.014244,1.007703,58,57.556642,57,56.564286,4271,4203,57.705109,56.786367,134,202,,68,0
realsense_bench_20260310_120741,ros,rgbd,2026-03-10T11:11:01.234922+00:00,75.005271,0.991027,57,57.516087,58,58.525141,4328,4262,57.702611,56.822673,136,203,,66,0
realsense_bench_20260310_120741,ros,rgbd,2026-03-10T11:11:02.260150+00:00,76.0305,1.025229,59,57.548119,57,55.597335,4387,4320,57.700528,56.819303,138,205,,67,0
realsense_bench_20260310_120741,ros,rgbd,2026-03-10T11:11:03.235139+00:00,77.005485,0.974985,56,57.436797,55,56.41114,4444,4375,57.710175,56.814135,140,209,,69,0
realsense_bench_20260310_120741,ros,rgbd,2026-03-10T11:11:04.241840+00:00,78.01219,1.006706,55,54.633653,56,55.626992,4499,4432,57.670474,56.811634,145,212,,67,0
realsense_bench_20260310_120741,ros,rgbd,2026-03-10T11:11:05.233224+00:00,79.003574,0.991384,58,58.504056,56,56.486674,4557,4489,57.680934,56.820214,146,214,,68,0
realsense_bench_20260310_120741,ros,rgbd,2026-03-10T11:11:06.241007+00:00,80.011351,1.007776,58,57.552454,56,55.567887,4615,4546,57.679316,56.816939,148,217,,69,0
realsense_bench_20260310_120741,ros,rgbd,2026-03-10T11:11:07.232105+00:00,81.002455,0.991104,58,58.5206,54,54.484696,4673,4601,57.68961,56.800748,149,221,,72,0
realsense_bench_20260310_120741,ros,rgbd,2026-03-10T11:11:08.240029+00:00,82.010372,1.007917,59,58.536545,54,53.575821,4732,4656,57.700019,56.773307,150,226,,76,0
realsense_bench_20260310_120741,ros,rgbd,2026-03-10T11:11:09.231050+00:00,83.001398,0.991026,57,57.516178,55,55.498067,4789,4712,57.697824,56.770128,152,229,,77,0
realsense_bench_20260310_120741,ros,rgbd,2026-03-10T11:11:10.239001+00:00,84.00935,1.007952,60,59.526621,56,55.55818,4849,4769,57.719766,56.767491,152,232,,80,0
realsense_bench_20260310_120741,ros,rgbd,2026-03-10T11:11:11.230272+00:00,85.00062,0.99127,57,57.501978,57,57.501978,4906,4827,57.717226,56.787821,154,233,,79,0
realsense_bench_20260310_120741,ros,rgbd,2026-03-10T11:11:12.238240+00:00,86.00859,1.00797,59,58.533489,56,55.55721,4965,4884,57.726792,56.785026,155,235,,81,0
realsense_bench_20260310_120741,ros,rgbd,2026-03-10T11:11:13.230170+00:00,87.000523,0.991932,58,58.471729,55,55.447329,5023,4940,57.735285,56.781268,156,240,,83,0
realsense_bench_20260310_120741,ros,rgbd,2026-03-10T11:11:14.237061+00:00,88.00741,1.006887,57,56.610125,54,53.630644,5081,4994,57.733775,56.745222,158,245,,87,0
realsense_bench_20260310_120741,ros,rgbd,2026-03-10T11:11:15.245255+00:00,89.015604,1.008194,57,56.53673,54,53.561113,5138,5049,57.720217,56.720393,160,250,,89,0
realsense_bench_20260310_120741,ros,rgbd,2026-03-10T11:11:16.236418+00:00,90.006767,0.991163,56,56.499277,55,55.490361,5194,5105,57.706772,56.717958,164,253,,89,0
realsense_bench_20260310_120741,ros,rgbd,2026-03-10T11:11:17.244057+00:00,91.014401,1.007634,59,58.552989,58,57.560565,5253,5164,57.716141,56.738274,165,254,,89,0
realsense_bench_20260310_120741,ros,rgbd,2026-03-10T11:11:18.235183+00:00,92.005529,0.991128,58,58.519169,53,53.474413,5311,5218,57.724791,56.713983,166,259,,93,0
realsense_bench_20260310_120741,ros,rgbd,2026-03-10T11:11:19.243553+00:00,93.013898,1.008368,59,58.510371,59,58.510371,5370,5278,57.733308,56.744208,167,259,,92,0
realsense_bench_20260310_120741,ros,rgbd,2026-03-10T11:11:20.234520+00:00,94.004863,0.990966,57,57.519654,56,56.510537,5427,5335,57.731056,56.752383,169,261,,92,0
realsense_bench_20260310_120741,ros,rgbd,2026-03-10T11:11:21.242172+00:00,95.012515,1.007652,58,57.559554,58,57.559554,5485,5394,57.729237,56.771468,171,262,,91,0
realsense_bench_20260310_120741,ros,rgbd,2026-03-10T11:11:22.233336+00:00,96.003685,0.99117,57,57.507818,54,54.481091,5542,5449,57.726951,56.758238,173,266,,93,0
realsense_bench_20260310_120741,ros,rgbd,2026-03-10T11:11:23.241875+00:00,97.012225,1.00854,58,57.508859,58,57.508859,5600,5508,57.724684,56.776349,175,267,,92,0
realsense_bench_20260310_120741,ros,rgbd,2026-03-10T11:11:24.232755+00:00,98.003104,0.990879,58,58.533914,58,58.533914,5658,5567,57.732865,56.804323,176,267,,91,0
realsense_bench_20260310_120741,ros,rgbd,2026-03-10T11:11:25.240352+00:00,99.010702,1.007598,60,59.54757,58,57.562651,5718,5626,57.751333,56.822141,176,268,,92,0
realsense_bench_20260310_120741,ros,rgbd,2026-03-10T11:11:26.231489+00:00,100.001829,0.991128,59,59.528141,55,55.492335,5777,5682,57.768943,56.818961,176,271,,95,0
realsense_bench_20260310_120741,ros,rgbd,2026-03-10T11:11:27.239834+00:00,101.010185,1.008355,60,59.502842,55,54.544272,5837,5738,57.786252,56.806153,176,275,,99,0
realsense_bench_20260310_120741,ros,rgbd,2026-03-10T11:11:28.231023+00:00,102.001372,0.991187,56,56.497905,56,56.497905,5893,5795,57.773733,56.812961,179,277,,98,0
realsense_bench_20260310_120741,ros,rgbd,2026-03-10T11:11:29.238489+00:00,103.008838,1.007467,57,56.577554,55,54.592377,5950,5851,57.762034,56.800951,182,281,,99,0
realsense_bench_20260310_120741,ros,rgbd,2026-03-10T11:11:30.230370+00:00,104.000723,0.991885,57,57.466341,55,55.449978,6007,5907,57.759214,56.797682,184,285,,100,0
realsense_bench_20260310_120741,ros,rgbd,2026-03-10T11:11:31.238125+00:00,105.008472,1.007749,57,56.561708,54,53.584776,6065,5961,57.757244,56.766848,186,290,,104,0
realsense_bench_20260310_120741,ros,rgbd,2026-03-10T11:11:32.230207+00:00,106.000557,0.992085,58,58.462737,54,54.430824,6123,6016,57.763847,56.754419,187,295,,107,0
realsense_bench_20260310_120741,ros,rgbd,2026-03-10T11:11:33.236624+00:00,107.006972,1.006415,59,58.623947,57,56.636694,6183,6073,57.781282,56.753311,187,297,,110,0
realsense_bench_20260310_120741,ros,rgbd,2026-03-10T11:11:34.244646+00:00,108.014993,1.008021,60,59.522547,55,54.562335,6243,6129,57.797532,56.742123,187,301,,114,0
realsense_bench_20260310_120741,ros,rgbd,2026-03-10T11:11:35.236105+00:00,109.006443,0.99145,56,56.482942,55,55.474318,6299,6185,57.785575,56.739765,190,304,,114,0
realsense_bench_20260310_120741,ros,rgbd,2026-03-10T11:11:36.243483+00:00,110.013833,1.00739,58,57.574542,52,51.618555,6357,6238,57.783643,56.70196,192,311,,119,0
realsense_bench_20260310_120741,ros,rgbd,2026-03-10T11:11:37.234696+00:00,111.005044,0.991211,56,56.496556,49,49.434486,6413,6288,57.77215,56.646075,195,320,,125,0
realsense_bench_20260310_120741,ros,rgbd,2026-03-10T11:11:38.243074+00:00,112.013414,1.00837,58,57.518554,54,53.551757,6471,6343,57.769867,56.627146,197,325,,128,0
realsense_bench_20260310_120741,ros,rgbd,2026-03-10T11:11:39.234052+00:00,113.004379,0.990965,58,58.528813,55,55.501461,6529,6399,57.776522,56.626124,198,328,,130,0
realsense_bench_20260310_120741,ros,rgbd,2026-03-10T11:11:40.241654+00:00,114.012002,1.007623,58,57.561196,59,58.55363,6587,6458,57.774619,56.643159,200,329,,129,0
realsense_bench_20260310_120741,ros,rgbd,2026-03-10T11:11:41.232868+00:00,115.003211,0.991209,56,56.496657,55,55.487788,6643,6514,57.763604,56.641897,203,332,,129,0
realsense_bench_20260310_120741,ros,rgbd,2026-03-10T11:11:42.240758+00:00,116.011103,1.007892,59,58.538029,56,55.561519,6702,6571,57.770333,56.64113,204,335,,131,0
realsense_bench_20260310_120741,ros,rgbd,2026-03-10T11:11:43.231905+00:00,117.002254,0.991151,58,58.517853,54,54.482139,6760,6626,57.776665,56.631388,205,339,,134,0
realsense_bench_20260310_120741,ros,rgbd,2026-03-10T11:11:44.239954+00:00,118.010302,1.008049,60,59.520932,57,56.544886,6820,6684,57.791565,56.639123,205,341,,136,0
realsense_bench_20260310_120741,ros,rgbd,2026-03-10T11:11:45.230952+00:00,119.001302,0.990999,56,56.508616,53,53.481368,6876,6738,57.780881,56.621229,207,345,,138,0
realsense_bench_20260310_120741,ros,rgbd,2026-03-10T11:11:46.238918+00:00,120.009254,1.007952,58,57.542422,58,57.542422,6934,6797,57.778878,56.637299,210,347,,137,0
